{
  "captain": {
    "id": 123,
    "name": "Captain Lucky",
    "servicesRegistered": 1,
    "plan": "Free",
    "phone": "9999999999"
  },
  "bookings": [
    { "id": 1, "client": "Ravi Sharma", "date": "2025-09-09", "time": "18:00", "amount": 4500, "status": "confirmed" },
    { "id": 2, "client": "Anita Patel", "date": "2025-09-11", "time": "20:00", "amount": 8000, "status": "prebook" }
  ],
  "plans": [
    { "id": "basic", "name": "Basic", "price": 599 },
    { "id": "standard", "name": "Standard", "price": 1499 }
  ],
  "otps": []
}